title,genre,price,instock,rating
A Light in the Attic,Poetry,51.77,True,Three
Tipping the Velvet,Historical Fiction,53.74,True,One
Soumission,Fiction,50.1,True,One
Sharp Objects,Mystery,47.82,True,Four
Sapiens: A Brief History of Humankind,History,54.23,True,Five
The Requiem Red,Young Adult,22.65,True,One
The Dirty Little Secrets of Getting Your Dream Job,Business,33.34,True,Four
"The Coming Woman: A Novel Based on the Life of the Infamous Feminist, Victoria Woodhull",Default,17.93,True,Three
The Boys in the Boat: Nine Americans and Their Epic Quest for Gold at the 1936 Berlin Olympics,Default,22.6,True,Four
The Black Maria,Poetry,52.15,True,One
"Starving Hearts (Triangular Trade Trilogy, #1)",Default,13.99,True,Two
Shakespeare's Sonnets,Poetry,20.66,True,Four
Set Me Free,Young Adult,17.46,True,Five
Scott Pilgrim's Precious Little Life (Scott Pilgrim #1),Sequential Art,52.29,True,Five
Rip it Up and Start Again,Music,35.02,True,Five
"Our Band Could Be Your Life: Scenes from the American Indie Underground, 1981-1991",Music,57.25,True,Three
Olio,Poetry,23.88,True,One
Mesaerion: The Best Science Fiction Stories 1800-1849,Science Fiction,37.59,True,One
Libertarianism for Beginners,Politics,51.33,True,Two
It's Only the Himalayas,Travel,45.17,True,Two
In Her Wake,Thriller,12.84,True,One
How Music Works,Music,37.32,True,Two
"Foolproof Preserving: A Guide to Small Batch Jams, Jellies, Pickles, Condiments, and More: A Foolproof Guide to Making Small Batch Jams, Jellies, Pickles, Condiments, and More",Food and Drink,30.52,True,Three
Chase Me (Paris Nights #2),Romance,25.27,True,Five
Black Dust,Romance,34.53,True,Five
Birdsong: A Story in Pictures,Childrens,54.64,True,Three
America's Cradle of Quarterbacks: Western Pennsylvania's Football Factory from Johnny Unitas to Joe Montana,Default,22.5,True,Three
Aladdin and His Wonderful Lamp,Default,53.13,True,Three
Worlds Elsewhere: Journeys Around Shakespeare’s Globe,Nonfiction,40.3,True,Five
Wall and Piece,Art,44.18,True,Four
The Four Agreements: A Practical Guide to Personal Freedom,Spirituality,17.66,True,Five
The Five Love Languages: How to Express Heartfelt Commitment to Your Mate,Nonfiction,31.05,True,Three
The Elephant Tree,Thriller,23.82,True,Five
The Bear and the Piano,Childrens,36.89,True,One
Sophie's World,Philosophy,15.94,True,Five
Penny Maybe,Default,33.29,True,Three
Maude (1883-1993):She Grew Up with the country,Default,18.02,True,Two
"In a Dark, Dark Wood",Mystery,19.63,True,One
Behind Closed Doors,Thriller,52.22,True,Four
You can't bury them all: Poems,Poetry,33.63,True,Two
Slow States of Collapse: Poems,Poetry,57.31,True,Three
Reasons to Stay Alive,Nonfiction,26.41,True,Two
Private Paris (Private #10),Fiction,47.61,True,Five
#HigherSelfie: Wake Up Your Life. Free Your Soul. Find Your Tribe.,Nonfiction,23.11,True,Five
Without Borders (Wanderlove #1),New Adult,45.07,True,Two
When We Collided,Contemporary,31.77,True,One
"We Love You, Charlie Freeman",Fiction,50.27,True,Five
Untitled Collection: Sabbath Poems 2014,Poetry,14.27,True,Four
"Unseen City: The Majesty of Pigeons, the Discreet Charm of Snails & Other Wonders of the Urban Wilderness",Nonfiction,44.18,True,Four
Unicorn Tracks,Fantasy,18.78,True,Three
"Unbound: How Eight Technologies Made Us Human, Transformed Society, and Brought Our World to the Brink",History,25.52,True,One
Tsubasa: WoRLD CHRoNiCLE 2 (Tsubasa WoRLD CHRoNiCLE #2),Sequential Art,16.28,True,One
Throwing Rocks at the Google Bus: How Growth Became the Enemy of Prosperity,Nonfiction,31.12,True,Three
This One Summer,Sequential Art,19.49,True,Four
Thirst,Fiction,17.27,True,Five
The Torch Is Passed: A Harding Family Story,Add a comment,19.09,True,One
The Secret of Dreadwillow Carse,Childrens,56.13,True,One
"The Pioneer Woman Cooks: Dinnertime: Comfort Classics, Freezer Food, 16-Minute Meals, and Other Delicious Ways to Solve Supper!",Food and Drink,56.41,True,One
The Past Never Ends,Mystery,56.5,True,Four
The Natural History of Us (The Fine Art of Pretending #2),Young Adult,45.22,True,Three
The Nameless City (The Nameless City #1),Sequential Art,38.16,True,Four
The Murder That Never Was (Forensic Instincts #5),Fiction,54.11,True,Three
The Most Perfect Thing: Inside (and Outside) a Bird's Egg,Science,42.96,True,Four
"The Mindfulness and Acceptance Workbook for Anxiety: A Guide to Breaking Free from Anxiety, Phobias, and Worry Using Acceptance and Commitment Therapy",Add a comment,23.89,True,Four
The Life-Changing Magic of Tidying Up: The Japanese Art of Decluttering and Organizing,Nonfiction,16.77,True,Three
"The Inefficiency Assassin: Time Management Tactics for Working Smarter, Not Longer",Default,20.59,True,Five
The Gutsy Girl: Escapades for Your Life of Epic Adventure,Nonfiction,37.13,True,One
The Electric Pencil: Drawings from Inside State Hospital No. 3,Nonfiction,56.06,True,One
The Death of Humanity: and the Case for Life,Philosophy,58.11,True,Four
"The Bulletproof Diet: Lose up to a Pound a Day, Reclaim Energy and Focus, Upgrade Your Life",Health,49.05,True,Three
The Art Forger,Add a comment,40.76,True,Three
The Age of Genius: The Seventeenth Century and the Birth of the Modern Mind,History,19.73,True,One
The Activist's Tao Te Ching: Ancient Advice for a Modern Revolution,Spirituality,32.24,True,Five
Spark Joy: An Illustrated Master Class on the Art of Organizing and Tidying Up,Nonfiction,41.83,True,Four
Soul Reader,Default,39.58,True,Two
Security,Horror,39.25,True,Two
"Saga, Volume 6 (Saga (Collected Editions) #6)",Fantasy,25.02,True,Three
"Saga, Volume 5 (Saga (Collected Editions) #5)",Sequential Art,51.04,True,Two
Reskilling America: Learning to Labor in the Twenty-First Century,Nonfiction,19.83,True,Two
"Rat Queens, Vol. 3: Demons (Rat Queens (Collected Editions) #11-15)",Sequential Art,50.4,True,Three
"Princess Jellyfish 2-in-1 Omnibus, Vol. 01 (Princess Jellyfish 2-in-1 Omnibus #1)",Sequential Art,13.61,True,Five
Princess Between Worlds (Wide-Awake Princess #5),Fantasy,13.34,True,Five
"Pop Gun War, Volume 1: Gift",Sequential Art,18.97,True,One
"Political Suicide: Missteps, Peccadilloes, Bad Calls, Backroom Hijinx, Sordid Pasts, Rotten Breaks, and Just Plain Dumb Mistakes in the Annals of American Politics",History,36.28,True,Two
Patience,Sequential Art,10.16,True,Three
"Outcast, Vol. 1: A Darkness Surrounds Him (Outcast #1)",Sequential Art,15.44,True,Four
orange: The Complete Collection 1 (orange: The Complete Collection #1),Sequential Art,48.41,True,One
Online Marketing for Busy Authors: A Step-By-Step Guide,Self Help,46.35,True,One
On a Midnight Clear,Add a comment,14.07,True,Three
Obsidian (Lux #1),Young Adult,14.86,True,Two
My Paris Kitchen: Recipes and Stories,Food and Drink,33.37,True,Two
Masks and Shadows,Fantasy,56.4,True,Two
"Mama Tried: Traditional Italian Cooking for the Screwed, Crude, Vegan, and Tattooed",Food and Drink,14.02,True,Four
"Lumberjanes, Vol. 2: Friendship to the Max (Lumberjanes #5-8)",Sequential Art,46.91,True,Two
"Lumberjanes, Vol. 1: Beware the Kitten Holy (Lumberjanes #1-4)",Sequential Art,45.61,True,Three
Lumberjanes Vol. 3: A Terrible Plan (Lumberjanes #9-12),Sequential Art,19.92,True,Two
"Layered: Baking, Building, and Styling Spectacular Cakes",Food and Drink,40.11,True,One
Judo: Seven Steps to Black Belt (an Introductory Guide for Beginners),Add a comment,53.9,True,Two
Join,Science Fiction,35.67,True,Five
In the Country We Love: My Family Divided,Nonfiction,22.0,True,Four
Immunity: How Elie Metchnikoff Changed the Course of Modern Medicine,Science,57.36,True,Five
"I Hate Fairyland, Vol. 1: Madly Ever After (I Hate Fairyland (Compilations) #1-5)",Sequential Art,29.17,True,Two
I am a Hero Omnibus Volume 1,Sequential Art,54.63,True,Three
How to Be Miserable: 40 Strategies You Already Use,Self Help,46.03,True,One
Her Backup Boyfriend (The Sorensen Family #1),Romance,33.97,True,One
"Giant Days, Vol. 2 (Giant Days #5-8)",Sequential Art,22.11,True,Two
Forever and Forever: The Courtship of Henry Longfellow and Fanny Appleton,Historical Fiction,29.69,True,Three
First and First (Five Boroughs #3),Romance,15.97,True,Four
Fifty Shades Darker (Fifty Shades #2),Romance,21.96,True,One
Everydata: The Misinformation Hidden in the Little Data You Consume Every Day,Nonfiction,54.35,True,Two
"Don't Be a Jerk: And Other Practical Advice from Dogen, Japan's Greatest Zen Master",Religion,37.97,True,Two
Danganronpa Volume 1,Sequential Art,51.99,True,Four
Crown of Midnight (Throne of Glass #2),Fantasy,43.29,True,Three
"Codename Baboushka, Volume 1: The Conclave of Death",Sequential Art,36.72,True,Four
Camp Midnight,Sequential Art,17.08,True,Four
Call the Nurse: True Stories of a Country Nurse on a Scottish Isle,Nonfiction,29.14,True,Five
Burning,Young Adult,28.81,True,Three
Bossypants,Default,49.46,True,Two
"Bitch Planet, Vol. 1: Extraordinary Machine (Bitch Planet (Collected Editions))",Sequential Art,37.92,True,Two
"Avatar: The Last Airbender: Smoke and Shadow, Part 3 (Smoke and Shadow #3)",Fantasy,28.09,True,Two
Algorithms to Live By: The Computer Science of Human Decisions,Nonfiction,30.81,True,One
A World of Flavor: Your Gluten Free Passport,Default,42.95,True,One
"A Piece of Sky, a Grain of Rice: A Memoir in Four Meditations",Default,56.76,True,Five
A Murder in Time,Mystery,16.64,True,One
A Flight of Arrows (The Pathfinders #2),Historical Fiction,55.53,True,Five
A Fierce and Subtle Poison,Young Adult,28.13,True,Four
A Court of Thorns and Roses (A Court of Thorns and Roses #1),Fantasy,52.37,True,One
(Un)Qualified: How God Uses Broken People to Do Big Things,Christian,54.0,True,Five
You Are What You Love: The Spiritual Power of Habit,Religion,21.87,True,Four
"William Shakespeare's Star Wars: Verily, A New Hope (William Shakespeare's Star Wars #4)",Science Fiction,43.3,True,Four
Tuesday Nights in 1980,Fiction,21.04,True,Two
Tracing Numbers on a Train,Default,41.6,True,Three
Throne of Glass (Throne of Glass #1),Fantasy,35.07,True,Three
Thomas Jefferson and the Tripoli Pirates: The Forgotten War That Changed American History,History,59.64,True,One
Thirteen Reasons Why,Default,52.72,True,One
The White Cat and the Monk: A Retelling of the Poem “Pangur Bán”,Childrens,58.08,True,Four
The Wedding Dress,Romance,24.12,True,One
The Vacationers,Fiction,42.15,True,Four
The Third Wave: An Entrepreneur’s Vision of the Future,Business,12.61,True,Five
The Stranger,Philosophy,17.44,True,Four
The Shadow Hero (The Shadow Hero),Sequential Art,33.14,True,One
The Secret (The Secret #1),Default,27.37,True,Four
The Regional Office Is Under Attack!,Fiction,51.36,True,Five
The Psychopath Test: A Journey Through the Madness Industry,Default,36.0,True,Two
The Project,Science Fiction,10.65,True,One
The Power of Now: A Guide to Spiritual Enlightenment,Nonfiction,43.54,True,Two
The Omnivore's Dilemma: A Natural History of Four Meals,Nonfiction,38.21,True,Two
The Nerdy Nummies Cookbook: Sweet Treats for the Geek in All of Us,Food and Drink,37.34,True,Five
The Murder of Roger Ackroyd (Hercule Poirot #4),Mystery,44.1,True,Four
The Mistake (Off-Campus #2),New Adult,43.29,True,Three
The Matchmaker's Playbook (Wingmen Inc. #1),New Adult,55.85,True,One
The Love and Lemons Cookbook: An Apple-to-Zucchini Celebration of Impromptu Cooking,Food and Drink,37.6,True,Two
The Long Shadow of Small Ghosts: Murder and Memory in an American City,Crime,10.97,True,One
The Kite Runner,Default,41.82,True,Four
The House by the Lake,Historical Fiction,36.95,True,One
The Glittering Court (The Glittering Court #1),Fantasy,44.28,True,One
The Girl on the Train,Default,55.02,True,Two
The Genius of Birds,Nonfiction,17.24,True,One
The Emerald Mystery,Default,23.15,True,Two
The Cookies & Cups Cookbook: 125+ sweet & savory recipes reminding you to Always Eat Dessert First,Food and Drink,41.25,True,One
The Bridge to Consciousness: I'm Writing the Bridge Between Science and Our Old and New Beliefs.,Default,32.0,True,Three
The Artist's Way: A Spiritual Path to Higher Creativity,Nonfiction,38.49,True,Five
The Art of War,Default,33.34,True,Five
The Argonauts,Autobiography,10.93,True,Two
The 10% Entrepreneur: Live Your Startup Dream Without Quitting Your Day Job,Business,27.55,True,Three
Suddenly in Love (Lake Haven #1),Romance,55.99,True,Two
Something More Than This,Romance,16.24,True,Four
Soft Apocalypse,Science Fiction,26.12,True,Two
So You've Been Publicly Shamed,Nonfiction,12.23,True,Two
Shoe Dog: A Memoir by the Creator of NIKE,Business,23.99,True,Two
"Shobu Samurai, Project Aryoku (#3)",Add a comment,29.06,True,Three
Secrets and Lace (Fatal Hearts #1),Default,20.27,True,One
Scarlett Epstein Hates It Here,Young Adult,43.55,True,Five
Romero and Juliet: A Tragic Tale of Love and Zombies,Default,36.94,True,One
Redeeming Love,Christian Fiction,20.47,True,Five
Poses for Artists Volume 1 - Dynamic and Sitting Poses: An Essential Reference for Figure Drawing and the Human Form,Default,41.06,True,One
Poems That Make Grown Women Cry,Poetry,14.19,True,Four
"Nightingale, Sing",Young Adult,38.28,True,One
Night Sky with Exit Wounds,Poetry,41.05,True,One
Mrs. Houdini,Historical Fiction,30.25,True,Five
Modern Romance,Add a comment,28.26,True,Five
Miss Peregrine’s Home for Peculiar Children (Miss Peregrine’s Peculiar Children #1),Default,10.76,True,One
Louisa: The Extraordinary Life of Mrs. Adams,Biography,16.85,True,Two
Little Red,Childrens,13.47,True,Three
Library of Souls (Miss Peregrine’s Peculiar Children #3),Young Adult,48.56,True,Five
Large Print Heart of the Pride,Default,19.15,True,Two
I Had a Nice Time And Other Lies...: How to find love & sh*t like that,Womens Fiction,57.36,True,Four
Hollow City (Miss Peregrine’s Peculiar Children #2),Fantasy,42.98,True,One
Grumbles,Default,22.16,True,Two
Full Moon over Noah’s Ark: An Odyssey to Mount Ararat and Beyond,Travel,49.43,True,Four
Frostbite (Vampire Academy #2),Young Adult,29.99,True,Five
Follow You Home,Horror,21.36,True,One
First Steps for New Christians (Print Edition),Default,29.0,True,One
Finders Keepers (Bill Hodges Trilogy #2),Fiction,53.53,True,Five
"Fables, Vol. 1: Legends in Exile (Fables #1)",Sequential Art,41.62,True,Four
Eureka Trivia 6.0,Default,54.59,True,Four
Drive: The Surprising Truth About What Motivates Us,Default,34.95,True,Four
Done Rubbed Out (Reightman & Bailey #1),Default,37.72,True,Five
Doing It Over (Most Likely To #1),Romance,35.61,True,Three
"Deliciously Ella Every Day: Quick and Easy Recipes for Gluten-Free Snacks, Packed Lunches, and Simple Meals",Food and Drink,42.16,True,Three
Dark Notes,Erotica,19.19,True,Five
"Daring Greatly: How the Courage to Be Vulnerable Transforms the Way We Live, Love, Parent, and Lead",Nonfiction,19.43,True,Three
Close to You,Christian Fiction,49.46,True,Four
Chasing Heaven: What Dying Taught Me About Living,Spirituality,37.8,True,Two
Big Magic: Creative Living Beyond Fear,Nonfiction,30.8,True,Three
Becoming Wise: An Inquiry into the Mystery and Art of Living,Nonfiction,27.43,True,Two
Beauty Restored (Riley Family Legacy Novellas #3),Default,11.11,True,Two
Batman: The Long Halloween (Batman),Sequential Art,36.5,True,Two
Batman: The Dark Knight Returns (Batman),Sequential Art,15.38,True,Five
Ayumi's Violin,Default,15.48,True,Two
Anonymous,Default,46.82,True,Four
Amy Meets the Saints and Sages,Default,18.46,True,Three
Amid the Chaos,Cultural,36.58,True,One
Amatus,Default,50.54,True,Five
Agnostic: A Spirited Manifesto,Nonfiction,12.51,True,Five
Zealot: The Life and Times of Jesus of Nazareth,History,24.7,True,Three
You (You #1),Thriller,43.61,True,Five
"Wonder Woman: Earth One, Volume One (Wonder Woman: Earth One #1)",Sequential Art,37.34,True,Four
Wild Swans,Young Adult,14.36,True,Two
Why the Right Went Wrong: Conservatism--From Goldwater to the Tea Party and Beyond,Politics,52.65,True,Four
Whole Lotta Creativity Going On: 60 Fun and Unusual Exercises to Awaken and Strengthen Your Creativity,Nonfiction,38.2,True,Four
What's It Like in Space?: Stories from Astronauts Who've Been There,Nonfiction,19.6,True,Two
"We Are Robin, Vol. 1: The Vigilante Business (We Are Robin #1)",Sequential Art,53.9,True,One
Walt Disney's Alice in Wonderland,Childrens,12.96,True,Five
V for Vendetta (V for Vendetta Complete),Default,37.1,True,Four
Until Friday Night (The Field Party #1),Young Adult,46.31,True,Two
"Unbroken: A World War II Story of Survival, Resilience, and Redemption",Default,45.95,True,Two
Twenty Yawns,Childrens,22.08,True,Two
Through the Woods,Sequential Art,25.38,True,Two
This Is Where It Ends,Young Adult,27.12,True,Two
The Year of Magical Thinking,Nonfiction,43.04,True,Two
The Wright Brothers,Default,56.8,True,Four
The White Queen (The Cousins' War #1),Add a comment,25.91,True,Five
The Wedding Pact (The O'Malleys #2),Romance,32.61,True,Three
The Time Keeper,Fiction,27.88,True,Five
The Testament of Mary,Fiction,52.67,True,Four
The Star-Touched Queen,Fantasy,46.02,True,Five
The Songs of the Gods,Default,44.48,True,Five
The Song of Achilles,Add a comment,37.4,True,Five
The Rosie Project (Don Tillman #1),Default,54.04,True,One
The Power of Habit: Why We Do What We Do in Life and Business,Default,16.88,True,Three
The Marriage of Opposites,Historical Fiction,28.08,True,Four
The Lucifer Effect: Understanding How Good People Turn Evil,Psychology,10.4,True,One
The Long Haul (Diary of a Wimpy Kid #9),Humor,44.07,True,One
The Loney,Horror,23.4,True,One
The Literature Book (Big Ideas Simply Explained),Nonfiction,17.43,True,Three
The Last Mile (Amos Decker #2),Mystery,54.21,True,Two
The Immortal Life of Henrietta Lacks,Add a comment,40.67,True,Two
The Hidden Oracle (The Trials of Apollo #1),Fantasy,52.26,True,Two
The Help Yourself Cookbook for Kids: 60 Easy Plant-Based Recipes Kids Can Make to Stay Healthy and Save the Earth,Food and Drink,28.77,True,Three
The Guilty (Will Robie #4),Thriller,13.82,True,Two
The First Hostage (J.B. Collins #2),Fiction,25.85,True,Three
The Dovekeepers,Add a comment,48.78,True,One
The Darkest Lie,Young Adult,35.35,True,Five
The Bane Chronicles (The Bane Chronicles #1-11),Fantasy,44.73,True,Four
The Bad-Ass Librarians of Timbuktu: And Their Race to Save the World’s Most Precious Manuscripts,Nonfiction,15.77,True,One
The 14th Colony (Cotton Malone #11),Thriller,39.24,True,One
That Darkness (Gardiner and Renner #1),Mystery,13.92,True,One
Tastes Like Fear (DI Marnie Rome #3),Mystery,10.69,True,One
Take Me with You,Fiction,45.21,True,Three
Swell: A Year of Waves,Nonfiction,45.58,True,One
Superman Vol. 1: Before Truth (Superman by Gene Luen Yang #1),Sequential Art,11.89,True,Five
Still Life with Bread Crumbs,Fiction,26.41,True,Three
Steve Jobs,Default,39.5,True,Five
Sorting the Beef from the Bull: The Science of Food Fraud Forensics,Science,44.74,True,Four
Someone Like You (The Harrisons #2),Contemporary,52.79,True,Five
"So Cute It Hurts!!, Vol. 6 (So Cute It Hurts!! #6)",Sequential Art,35.43,True,Four
Shtum,Fiction,55.84,True,Four
See America: A Celebration of Our National Parks & Treasured Sites,Travel,48.87,True,Three
salt.,Poetry,46.78,True,Four
Robin War,Sequential Art,47.82,True,Three
"Red Hood/Arsenal, Vol. 1: Open for Business (Red Hood/Arsenal #1)",Sequential Art,25.48,True,Two
Rain Fish,Childrens,23.57,True,Three
"Quarter Life Poetry: Poems for the Young, Broke and Hangry",Poetry,50.89,True,Five
Pet Sematary,Horror,10.56,True,Three
"Overload: How to Unplug, Unwind, and Unleash Yourself from the Pressure of Stress",Self Help,52.15,True,Three
Once Was a Time,Childrens,18.28,True,Two
Old School (Diary of a Wimpy Kid #10),Humor,11.83,True,Five
No Dream Is Too High: Life Lessons From a Man Who Walked on the Moon,Nonfiction,21.95,True,Two
"Naruto (3-in-1 Edition), Vol. 14: Includes Vols. 40, 41 & 42 (Naruto: Omnibus #14)",Sequential Art,38.39,True,Two
My Name Is Lucy Barton,Fiction,41.56,True,One
My Mrs. Brown,Fiction,24.48,True,Three
My Kind of Crazy,Young Adult,40.36,True,One
Mr. Mercedes (Bill Hodges Trilogy #1),Fiction,28.9,True,One
More Than Music (Chasing the Dream #1),Add a comment,37.61,True,Two
Made to Stick: Why Some Ideas Survive and Others Die,Business,38.85,True,Five
Luis Paints the World,Childrens,53.95,True,Three
Luckiest Girl Alive,Default,49.83,True,Three
Lowriders to the Center of the Earth (Lowriders in Space #2),Sequential Art,51.51,True,Two
Love Is a Mix Tape (Music #1),Music,18.03,True,One
Looking for Lovely: Collecting the Moments that Matter,Nonfiction,29.14,True,Five
"Living Leadership by Insight: A Good Leader Achieves, a Great Leader Builds Monuments",Default,46.91,True,Four
Let It Out: A Journey Through Journaling,Nonfiction,26.79,True,Five
Lady Midnight (The Dark Artifices #1),Default,16.28,True,Five
"It's All Easy: Healthy, Delicious Weeknight Meals in under 30 Minutes",Food and Drink,19.55,True,One
Island of Dragons (Unwanteds #7),Fantasy,29.65,True,One
I Know What I'm Doing -- and Other Lies I Tell Myself: Dispatches from a Life Under Construction,Humor,25.98,True,Four
I Am Pilgrim (Pilgrim #1),Fiction,10.6,True,Four
"Hyperbole and a Half: Unfortunate Situations, Flawed Coping Mechanisms, Mayhem, and Other Things That Happened",Humor,14.75,True,Five
"Hush, Hush (Hush, Hush #1)",Default,47.02,True,Three
Hold Your Breath (Search and Rescue #1),Romance,28.82,True,One
Hamilton: The Revolution,Nonfiction,58.79,True,Three
Greek Mythic History,Default,10.23,True,Five
God: The Most Unpleasant Character in All Fiction,Religion,30.03,True,Five
Glory over Everything: Beyond The Kitchen House,Historical Fiction,45.84,True,Three
Feathers: Displays of Brilliant Plumage,Art,49.05,True,Three
"Far & Away: Places on the Brink of Change: Seven Continents, Twenty-Five Years",Nonfiction,15.06,True,Four
Every Last Word,Default,46.47,True,Three
Eligible (The Austen Project #4),Fiction,27.09,True,Three
El Deafo,Sequential Art,57.62,True,Five
Eight Hundred Grapes,Fiction,14.39,True,Four
"Eaternity: More than 150 Deliciously Easy Vegan Recipes for a Long, Healthy, Satisfied, Joyful Life",Nonfiction,51.75,True,Five
"Eat Fat, Get Thin",Health,54.07,True,Two
Don't Get Caught,Young Adult,55.35,True,One
Doctor Sleep (The Shining #2),Horror,40.12,True,Two
Demigods & Magicians: Percy and Annabeth Meet the Kanes (Percy Jackson & Kane Chronicles Crossover #1-3),Fantasy,37.51,True,Five
Dear Mr. Knightley,Fiction,11.21,True,Five
Daily Fantasy Sports,Default,36.58,True,One
Crazy Love: Overwhelmed by a Relentless God,Christian,47.72,True,Two
Cometh the Hour (The Clifton Chronicles #6),Fiction,25.01,True,Three
Code Name Verity (Code Name Verity #1),Add a comment,22.13,True,Four
Clockwork Angel (The Infernal Devices #1),Default,44.14,True,One
City of Glass (The Mortal Instruments #3),Fantasy,56.02,True,Four
City of Fallen Angels (The Mortal Instruments #4),Default,11.23,True,Four
City of Bones (The Mortal Instruments #1),Default,43.28,True,One
City of Ashes (The Mortal Instruments #2),Default,47.27,True,One
Cell,Add a comment,20.29,True,Four
Catching Jordan (Hundred Oaks),Young Adult,50.83,True,Three
"Carry On, Warrior: Thoughts on Life Unarmed",Default,31.85,True,Three
Carrie,Default,46.23,True,Two
Buying In: The Secret Dialogue Between What We Buy and Who We Are,Nonfiction,37.8,True,Four
Brain on Fire: My Month of Madness,Nonfiction,49.32,True,Five
Batman: Europa,Sequential Art,32.01,True,Two
Barefoot Contessa Back to Basics,Food and Drink,28.01,True,One
Barefoot Contessa at Home: Everyday Recipes You'll Make Over and Over Again,Food and Drink,50.62,True,Five
Balloon Animals,Fiction,17.03,True,Three
Art Ops Vol. 1,Sequential Art,48.8,True,Three
Aristotle and Dante Discover the Secrets of the Universe (Aristotle and Dante Discover the Secrets of the Universe #1),Young Adult,58.14,True,Four
Angels Walking (Angels Walking #1),Add a comment,34.2,True,Two
Angels & Demons (Robert Langdon #1),Default,51.48,True,Three
All the Light We Cannot See,Historical,29.87,True,Five
"Adulthood Is a Myth: A ""Sarah's Scribbles"" Collection",Sequential Art,10.9,True,Two
Abstract City,Nonfiction,56.37,True,Five
A Time of Torment (Charlie Parker #14),Mystery,48.35,True,Five
A Study in Scarlet (Sherlock Holmes #1),Mystery,16.73,True,Two
"A Series of Catastrophes and Miracles: A True Story of Love, Science, and Cancer",Add a comment,56.48,True,Two
A People's History of the United States,Add a comment,40.79,True,Two
A Man Called Ove,Fiction,39.72,True,One
A Distant Mirror: The Calamitous 14th Century,History,14.58,True,Three
A Brush of Wings (Angels Walking #3),Add a comment,55.51,True,One
1491: New Revelations of the Americas Before Columbus,History,21.8,True,Three
"The Three Searches, Meaning, and the Story",Default,13.33,True,Three
Searching for Meaning in Gailana,Fantasy,38.73,True,One
Rook,Add a comment,37.86,True,Four
My Kitchen Year: 136 Recipes That Saved My Life,Food and Drink,11.53,True,Two
13 Hours: The Inside Account of What Really Happened In Benghazi,Nonfiction,27.06,True,One
Will You Won't You Want Me?,Womens Fiction,13.86,True,Three
Tipping Point for Planet Earth: How Close Are We to the Edge?,Science,37.55,True,One
The Star-Touched Queen,Fantasy,32.3,True,Five
The Silent Sister (Riley MacPherson #1),Fiction,46.29,True,Five
The Midnight Watch: A Novel of the Titanic and the Californian,Add a comment,26.2,True,One
The Lonely City: Adventures in the Art of Being Alone,Nonfiction,33.26,True,Two
The Gray Rhino: How to Recognize and Act on the Obvious Dangers We Ignore,Add a comment,59.15,True,Four
The Golden Condom: And Other Essays on Love Lost and Found,Psychology,39.43,True,One
The Epidemic (The Program 0.6),Young Adult,14.44,True,Five
The Dinner Party,Fiction,56.54,True,Two
The Diary of a Young Girl,Nonfiction,59.9,True,Three
The Children,Add a comment,11.88,True,Three
Stars Above (The Lunar Chronicles #4.5),Young Adult,48.05,True,Two
Snatched: How A Drug Queen Went Undercover for the DEA and Was Kidnapped By Colombian Guerillas,Nonfiction,21.21,True,Three
Raspberry Pi Electronics Projects for the Evil Genius,Default,49.67,True,Four
Quench Your Own Thirst: Business Lessons Learned Over a Beer or Two,Business,43.14,True,One
Psycho: Sanitarium (Psycho #1.5),Horror,36.97,True,Five
Poisonous (Max Revere Novels #3),Mystery,26.8,True,Three
One with You (Crossfire #5),Add a comment,15.71,True,Four
No Love Allowed (Dodge Cove #1),Young Adult,54.65,True,Four
Murder at the 42nd Street Library (Raymond Ambler #1),Mystery,54.36,True,Four
Most Wanted,Mystery,35.28,True,Three
"Love, Lies and Spies",Historical Fiction,20.55,True,Two
How to Speak Golf: An Illustrated Guide to Links Lingo,Default,58.32,True,Five
Hide Away (Eve Duncan #20),Mystery,11.84,True,One
Furiously Happy: A Funny Book About Horrible Things,Nonfiction,41.46,True,Four
Everyday Italian: 125 Simple and Delicious Recipes,Food and Drink,20.1,True,Five
Equal Is Unfair: America's Misguided Fight Against Income Inequality,Politics,56.86,True,One
Eleanor & Park,Default,56.51,True,Five
Dirty (Dive Bar #1),Romance,40.83,True,Four
Can You Keep a Secret? (Fear Street Relaunch #4),Horror,48.64,True,One
Boar Island (Anna Pigeon #19),Mystery,59.48,True,Three
A Paris Apartment,Historical Fiction,39.01,True,Four
"A la Mode: 120 Recipes in 60 Pairings: Pies, Tarts, Cakes, Crisps, and More Topped with Ice Cream, Gelato, Frozen Custard, and More",Food and Drink,38.77,True,One
Troublemaker: Surviving Hollywood and Scientology,Default,48.39,True,Two
The Widow,Mystery,27.26,True,Two
"The Sleep Revolution: Transforming Your Life, One Night at a Time",Nonfiction,11.68,True,Four
The Improbability of Love,Fiction,59.45,True,One
The Art of Startup Fundraising,Business,21.0,True,Three
Take Me Home Tonight (Rock Star Romance #3),Romance,53.98,True,Three
Sleeping Giants (Themis Files #1),Science Fiction,48.74,True,One
"Setting the World on Fire: The Brief, Astonishing Life of St. Catherine of Siena",Biography,21.15,True,Two
Playing with Fire,Mystery,13.71,True,Three
Off the Hook (Fishing for Trouble #1),Romance,47.67,True,Three
Mothering Sunday,Fiction,13.34,True,Two
"Mother, Can You Not?",Nonfiction,16.89,True,Five
M Train,Autobiography,27.18,True,One
Lilac Girls,Historical Fiction,17.28,True,Two
Lies and Other Acts of Love,Fiction,45.14,True,One
Lab Girl,Autobiography,40.85,True,One
Keep Me Posted,Womens Fiction,20.46,True,Four
It Didn't Start with You: How Inherited Family Trauma Shapes Who We Are and How to End the Cycle,Psychology,56.27,True,Three
Grey (Fifty Shades #4),Womens Fiction,48.49,True,Four
"Exit, Pursued by a Bear",Young Adult,51.34,True,Four
Daredevils,Fiction,16.34,True,Three
Cravings: Recipes for What You Want to Eat,Food and Drink,20.5,True,Three
Born for This: How to Find the Work You Were Meant to Do,Business,21.59,True,Five
Arena,Science Fiction,21.36,True,Four
Adultery,Default,20.88,True,Five
A Mother's Reckoning: Living in the Aftermath of Tragedy,Nonfiction,19.53,True,Three
A Gentleman's Position (Society of Gentlemen #3),Romance,14.75,True,Five
11/22/63,Fiction,48.48,True,Three
"10% Happier: How I Tamed the Voice in My Head, Reduced Stress Without Losing My Edge, and Found Self-Help That Actually Works",Nonfiction,24.57,True,Two
10-Day Green Smoothie Cleanse: Lose Up to 15 Pounds in 10 Days!,Health,49.71,True,Five
Without Shame,Add a comment,48.27,True,Five
Watchmen,Add a comment,58.05,True,Four
Unlimited Intuition Now,Default,58.87,True,Four
Underlying Notes,Default,11.82,True,Two
The Shack,Fiction,28.03,True,One
The New Brand You: Your New Image Makes the Sale for You,Default,44.05,True,Five
"The Moosewood Cookbook: Recipes from Moosewood Restaurant, Ithaca, New York",Food and Drink,12.34,True,Four
The Flowers Lied,Default,16.68,True,Two
"The Fabric of the Cosmos: Space, Time, and the Texture of Reality",Science,55.91,True,One
The Book of Mormon,Religion,24.57,True,Three
The Art and Science of Low Carbohydrate Living,Health,52.98,True,Five
The Alien Club,Young Adult,54.4,True,One
Suzie Snowflake: One beautiful flake (a self-esteem story),Novels,54.81,True,Five
Nap-a-Roo,Childrens,25.08,True,One
"NaNo What Now? Finding your editing process, revising your NaNoWriMo book and building a writing career through publishing and beyond",Default,10.41,True,Four
Modern Day Fables,Default,47.44,True,Two
If I Gave You God's Phone Number....: Searching for Spirituality in America,Spirituality,20.91,True,One
"Fruits Basket, Vol. 9 (Fruits Basket #9)",Sequential Art,33.95,True,Four
Dress Your Family in Corduroy and Denim,Humor,43.68,True,Three
Don't Forget Steven,Young Adult,33.23,True,One
Chernobyl 01:23:40: The Incredible True Story of the World's Worst Nuclear Disaster,Nonfiction,35.92,True,Two
Art and Fear: Observations on the Perils (and Rewards) of Artmaking,Art,48.63,True,Four
A Shard of Ice (The Black Symphony Saga #1),Fantasy,56.63,True,Three
A Hero's Curse (The Unseen Chronicles #1),Add a comment,50.49,True,Three
23 Degrees South: A Tropical Tale of Changing Whether...,Add a comment,35.79,True,Two
"Zero to One: Notes on Startups, or How to Build the Future",Nonfiction,34.06,True,Three
Why Not Me?,Nonfiction,17.76,True,One
When Breath Becomes Air,Nonfiction,39.36,True,Two
Vagabonding: An Uncommon Guide to the Art of Long-Term World Travel,Travel,36.94,True,Two
The Unlikely Pilgrimage of Harold Fry (Harold Fry #1),Default,43.62,True,Five
The New Drawing on the Right Side of the Brain,Art,43.02,True,Three
"The Midnight Assassin: Panic, Scandal, and the Hunt for America's First Serial Killer",Nonfiction,28.45,True,Four
The Martian (The Martian #1),Default,41.39,True,Two
The High Mountains of Portugal,Fiction,51.15,True,One
The Grownup,Short Stories,35.88,True,One
The E-Myth Revisited: Why Most Small Businesses Don't Work and What to Do About It,Business,36.91,True,One
South of Sunshine,Young Adult,28.93,True,One
Smarter Faster Better: The Secrets of Being Productive in Life and Business,Nonfiction,38.89,True,Five
Silence in the Dark (Logan Point #4),Suspense,58.33,True,Three
Shadows of the Past (Logan Point #1),Christian Fiction,39.67,True,Five
Roller Girl,Sequential Art,14.1,True,Five
Rising Strong,Nonfiction,21.82,True,Three
Proofs of God: Classical Arguments from Tertullian to Barth,Philosophy,54.21,True,One
Please Kill Me: The Uncensored Oral History of Punk,Music,31.19,True,Four
Out of Print: City Lights Spotlight No. 14,Poetry,53.64,True,Five
My Life Next Door (My Life Next Door ),Young Adult,36.39,True,Five
Miller's Valley,Fiction,58.54,True,Two
Man's Search for Meaning,Nonfiction,29.48,True,Three
"Love That Boy: What Two Presidents, Eight Road Trips, and My Son Taught Me About a Parent's Expectations",Nonfiction,25.06,True,Two
Living Forward: A Proven Plan to Stop Drifting and Get the Life You Want,Nonfiction,12.55,True,Three
Les Fleurs du Mal,Poetry,29.04,True,Five
Left Behind (Left Behind #1),Default,40.72,True,Two
Kill 'Em and Leave: Searching for James Brown and the American Soul,Music,45.05,True,Five
Kierkegaard: A Christian Missionary to Christians,Philosophy,47.13,True,One
John Vassos: Industrial Design for Modern Life,Default,20.22,True,Four
I'll Give You the Sun,Default,56.48,True,One
I Will Find You,Nonfiction,44.21,True,One
Hystopia: A Novel,Fiction,21.96,True,Four
Howl and Other Poems,Poetry,40.45,True,Two
History of Beauty,Art,10.29,True,Four
Heaven is for Real: A Little Boy's Astounding Story of His Trip to Heaven and Back,Default,52.86,True,Two
Future Shock (Future Shock #1),Young Adult,55.65,True,Five
Ender's Game (The Ender Quintet #1),Default,43.64,True,One
Diary of a Citizen Scientist: Chasing Tiger Beetles and Other New Ways of Engaging the World,Science,28.41,True,One
Death by Leisure: A Cautionary Tale,Default,37.51,True,Four
Brilliant Beacons: A History of the American Lighthouse,History,11.45,True,Three
Brazen: The Courage to Find the You That's Been Hiding,Nonfiction,19.22,True,Two
Between the World and Me,Nonfiction,56.91,True,Four
Being Mortal: Medicine and What Matters in the End,Nonfiction,55.06,True,Four
"A Murder Over a Girl: Justice, Gender, Junior High",Nonfiction,13.2,True,Three
32 Yolks,Food and Drink,53.63,True,Two
"""Most Blessed of the Patriarchs"": Thomas Jefferson and the Empire of the Imagination",History,44.48,True,Five
You Are a Badass: How to Stop Doubting Your Greatness and Start Living an Awesome Life,Self Help,12.08,True,Three
Wildlife of New York: A Five-Borough Coloring Book,Default,22.14,True,Two
What Happened on Beale Street (Secrets of the South Mysteries #2),Mystery,25.37,True,Five
Unreasonable Hope: Finding Faith in the God Who Brings Purpose to Your Pain,Spirituality,46.33,True,Two
Under the Tuscan Sun,Travel,37.33,True,Three
Toddlers Are A**holes: It's Not Your Fault,Humor,25.55,True,One
The Year of Living Biblically: One Man's Humble Quest to Follow the Bible as Literally as Possible,Default,34.72,True,One
The Whale,Childrens,35.96,True,Four
The Story of Art,Art,41.14,True,Four
The Origin of Species,Science,10.01,True,Four
The Great Gatsby,Default,36.05,True,Four
The Good Girl,Default,49.03,True,Three
The Glass Castle,Add a comment,16.24,True,One
The Faith of Christopher Hitchens: The Restless Soul of the World's Most Notorious Atheist,Biography,39.55,True,One
The Drowning Girls,Add a comment,35.67,True,Three
The Constant Princess (The Tudor Court #1),Historical Fiction,16.62,True,Three
The Bourne Identity (Jason Bourne #1),Fiction,42.78,True,Four
The Bachelor Girl's Guide to Murder (Herringford and Watts Mysteries #1),Mystery,52.3,True,Five
The Art Book,Art,32.34,True,Two
The 7 Habits of Highly Effective People: Powerful Lessons in Personal Change,Default,33.17,True,Four
Team of Rivals: The Political Genius of Abraham Lincoln,Add a comment,20.12,True,Five
Steal Like an Artist: 10 Things Nobody Told You About Being Creative,Default,20.9,True,Two
"Sit, Stay, Love",Romance,20.9,True,Three
Sister Dear,Fiction,40.2,True,Four
"Shrunken Treasures: Literary Classics, Short, Sweet, and Silly",Childrens,52.87,True,Three
"Rich Dad, Poor Dad",Business,51.74,True,One
Raymie Nightingale,Childrens,34.41,True,Two
Playing from the Heart,Childrens,32.38,True,One
Nightstruck: A Novel,Young Adult,50.35,True,Four
"Naturally Lean: 125 Nourishing Gluten-Free, Plant-Based Recipes--All Under 300 Calories",Food and Drink,11.38,True,Five
Meternity,Womens Fiction,43.58,True,Three
Memoirs of a Geisha,Fiction,49.67,True,Three
Like Never Before (Walker Family #2),Christian Fiction,28.77,True,Two
Life of Pi,Default,13.22,True,Four
Leave This Song Behind: Teen Poetry at Its Best,Poetry,51.17,True,Five
King's Folly (The Kinsman Chronicles #1),Fantasy,39.61,True,Five
John Adams,Add a comment,57.43,True,Four
How to Cook Everything Vegetarian: Simple Meatless Recipes for Great Food (How to Cook Everything),Food and Drink,46.01,True,Four
How to Be a Domestic Goddess: Baking and the Art of Comfort Cooking,Food and Drink,28.25,True,Two
Good in Bed (Cannie Shapiro #1),Add a comment,37.05,True,Five
"Fruits Basket, Vol. 7 (Fruits Basket #7)",Sequential Art,19.57,True,One
For the Love: Fighting for Grace in a World of Impossible Standards,Nonfiction,45.13,True,Three
Finding God in the Ruins: How God Redeems Pain,Nonfiction,46.64,True,Two
Every Heart a Doorway (Every Heart A Doorway #1),Fantasy,12.16,True,Five
Delivering the Truth (Quaker Midwife Mystery #1),Mystery,20.89,True,Four
Counted With the Stars (Out from Egypt #1),Christian Fiction,17.97,True,Five
"Chronicles, Vol. 1",Music,52.6,True,Two
Blue Like Jazz: Nonreligious Thoughts on Christian Spirituality,Christian,25.77,True,One
Benjamin Franklin: An American Life,Biography,48.19,True,Three
"At The Existentialist Café: Freedom, Being, and apricot cocktails with: Jean-Paul Sartre, Simone de Beauvoir, Albert Camus, Martin Heidegger, Edmund Husserl, Karl Jaspers, Maurice Merleau-Ponty and others",Philosophy,29.93,True,Five
A Summer In Europe,Travel,44.34,True,Two
A Short History of Nearly Everything,History,52.4,True,Five
A Gathering of Shadows (Shades of Magic #2),Fantasy,44.81,True,Four
The Sound Of Love,Default,57.84,True,Five
The Rise and Fall of the Third Reich: A History of Nazi Germany,History,39.67,True,Two
The Perks of Being a Wallflower,Default,55.02,True,Three
The Mysterious Affair at Styles (Hercule Poirot #1),Mystery,24.8,True,Four
The Man Who Mistook His Wife for a Hat and Other Clinical Tales,Nonfiction,59.45,True,Four
The Makings of a Fatherless Child,Default,31.58,True,Two
The Joy of Cooking,Add a comment,43.27,True,Four
The Invention of Wings,Historical Fiction,37.34,True,One
The Hobbit (Middle-Earth Universe),Default,17.8,True,Five
The Great Railway Bazaar,Travel,30.54,True,One
The Golden Compass (His Dark Materials #1),Add a comment,18.77,True,One
The God Delusion,Add a comment,46.85,True,Three
The Girl You Left Behind (The Girl You Left Behind #1),Historical,15.79,True,One
The Fellowship of the Ring (The Lord of the Rings #1),Default,10.27,True,Two
The Collected Poems of W.B. Yeats (The Collected Works of W.B. Yeats #1),Poetry,15.42,True,Five
The Barefoot Contessa Cookbook,Food and Drink,59.92,True,Five
Tell the Wolves I'm Home,Young Adult,50.96,True,Two
Ship Leaves Harbor: Essays on Travel by a Recovering Journeyman,Default,30.6,True,Three
Pride and Prejudice,Add a comment,19.27,True,Four
Musicophilia: Tales of Music and the Brain,Default,46.58,True,One
Mere Christianity,Add a comment,48.51,True,Three
Me Before You (Me Before You #1),Fiction,19.02,True,One
In the Woods (Dublin Murder Squad #1),Mystery,38.38,True,Two
In Cold Blood,Nonfiction,49.98,True,Four
How to Stop Worrying and Start Living,Self Help,46.49,True,Five
Give It Back,Thriller,18.32,True,Two
"Girl, Interrupted",Nonfiction,42.14,True,Three
Fun Home: A Family Tragicomic,Add a comment,56.59,True,Four
"Fruits Basket, Vol. 6 (Fruits Basket #6)",Sequential Art,20.96,True,Four
Deception Point,Fiction,40.32,True,Four
"Death Note, Vol. 6: Give-and-Take (Death Note #6)",Sequential Art,36.39,True,Three
Catherine the Great: Portrait of a Woman,History,58.55,True,Four
Better Homes and Gardens New Cook Book,Food and Drink,39.61,True,Three
An Unquiet Mind: A Memoir of Moods and Madness,Psychology,21.3,True,Three
A Year in Provence (Provence #1),Travel,56.88,True,Four
World Without End (The Pillars of the Earth #2),Historical Fiction,32.97,True,Four
"Will Grayson, Will Grayson (Will Grayson, Will Grayson)",Young Adult,47.31,True,Four
Why Save the Bankers?: And Other Essays on Our Economic and Political Crisis,Nonfiction,48.67,True,Two
Where She Went (If I Stay #2),Young Adult,41.73,True,Four
What If?: Serious Scientific Answers to Absurd Hypothetical Questions,Default,53.68,True,Four
Two Summers,Young Adult,14.64,True,One
This Is Your Brain on Music: The Science of a Human Obsession,Music,38.4,True,One
The Secret Garden,Classics,15.08,True,Four
The Raven King (The Raven Cycle #4),Add a comment,30.57,True,Two
The Raven Boys (The Raven Cycle #1),Fantasy,57.74,True,Four
The Power Greens Cookbook: 140 Delicious Superfood Recipes,Food and Drink,11.05,True,Five
The Metamorphosis,Classics,28.58,True,One
The Mathews Men: Seven Brothers and the War Against Hitler's U-boats,History,42.91,True,Five
The Little Paris Bookshop,Fiction,24.73,True,Three
The Hiding Place,History,55.91,True,Four
The Grand Design,Science,13.76,True,Three
The Firm,Fiction,45.56,True,Three
The Fault in Our Stars,Default,47.22,True,One
The False Prince (The Ascendance Trilogy #1),Fantasy,56.0,True,Five
The Expatriates,Fiction,44.58,True,Two
The Dream Thieves (The Raven Cycle #2),Default,34.5,True,One
The Darkest Corners,Young Adult,11.33,True,Five
The Crossover,Poetry,38.77,True,Four
The 5th Wave (The 5th Wave #1),Default,11.83,True,Two
Tell the Wind and Fire,Fantasy,45.51,True,Three
Tell Me Three Things,Young Adult,41.81,True,One
Talking to Girls About Duran Duran: One Young Man's Quest for True Love and a Cooler Haircut,Nonfiction,25.15,True,Four
Siddhartha,Fiction,34.22,True,Five
Shiver (The Wolves of Mercy Falls #1),Default,16.23,True,Five
Remember Me?,Default,11.48,True,Three
Red Dragon (Hannibal Lecter #1),Horror,23.37,True,Three
Peak: Secrets from the New Science of Expertise,Science,16.28,True,Two
My Mother Was Nuts,Nonfiction,31.63,True,Four
Mexican Today: New and Rediscovered Recipes for Contemporary Kitchens,Food and Drink,24.91,True,Five
Maybe Something Beautiful: How Art Transformed a Neighborhood,Childrens,22.54,True,One
Lola and the Boy Next Door (Anna and the French Kiss #2),Young Adult,23.63,True,Four
Logan Kade (Fallen Crest High #5.5),Academic,13.12,True,Two
Last One Home (New Beginnings #1),Fiction,59.98,True,Three
Killing Floor (Jack Reacher #1),Thriller,31.49,True,Four
Kill the Boy Band,Young Adult,15.52,True,Five
Isla and the Happily Ever After (Anna and the French Kiss #3),Young Adult,48.13,True,Five
If I Stay (If I Stay #1),Default,38.13,True,Five
I Know Why the Caged Bird Sings (Maya Angelou's Autobiography #1),Default,36.55,True,Two
Harry Potter and the Deathly Hallows (Harry Potter #7),Default,23.32,True,One
"Fruits Basket, Vol. 5 (Fruits Basket #5)",Sequential Art,16.33,True,One
Foundation (Foundation (Publication Order) #1),Science Fiction,32.42,True,One
Fool Me Once,Default,16.96,True,One
Find Her (Detective D.D. Warren #8),Add a comment,22.37,True,One
Evicted: Poverty and Profit in the American City,Add a comment,42.27,True,One
Drama,Default,38.7,True,Two
Dracula the Un-Dead,Horror,35.63,True,Five
Digital Fortress,Fiction,58.0,True,Five
"Death Note, Vol. 5: Whiteout (Death Note #5)",Sequential Art,52.41,True,One
"Data, A Love Story: How I Gamed Online Dating to Meet My Match",Nonfiction,32.35,True,Three
Critique of Pure Reason,Philosophy,20.75,True,One
Booked,Poetry,17.49,True,Five
"Blue Lily, Lily Blue (The Raven Cycle #3)",Default,34.13,True,Five
Approval Junkie: Adventures in Caring Too Much,Autobiography,58.81,True,Five
An Abundance of Katherines,Young Adult,10.0,True,Five
America's War for the Greater Middle East: A Military History,History,51.22,True,Two
Alight (The Generations Trilogy #2),Default,58.59,True,Four
A Girl's Guide to Moving On (New Beginnings #2),Romance,31.3,True,One
A Game of Thrones (A Song of Ice and Fire #1),Add a comment,46.42,True,Two
A Feast for Crows (A Song of Ice and Fire #4),Fantasy,17.21,True,Four
A Clash of Kings (A Song of Ice and Fire #2),Add a comment,10.79,True,Three
Vogue Colors A to Z: A Fashion Coloring Book,Default,52.35,True,Four
The Shining (The Shining #1),Default,27.88,True,Three
The Pilgrim's Progress,Classics,50.26,True,Two
The Perfect Play (Play by Play #1),Romance,59.99,True,Three
The Passion of Dolssa,Historical Fiction,28.32,True,Five
The Jazz of Physics: The Secret Link Between Music and the Structure of the Universe,Nonfiction,38.71,True,Three
The Hunger Games (The Hunger Games #1),Default,29.85,True,Five
The Hound of the Baskervilles (Sherlock Holmes #5),Classics,14.82,True,Two
The Gunning of America: Business and the Making of American Gun Culture,Nonfiction,16.81,True,Four
The Geography of Bliss: One Grump's Search for the Happiest Places in the World,Nonfiction,28.23,True,Two
The Demonists (Demonist #1),Fantasy,52.11,True,Two
"The Demon Prince of Momochi House, Vol. 4 (The Demon Prince of Momochi House #4)",Sequential Art,27.88,True,Two
The Bone Hunters (Lexy Vaughan & Steven Macaulay #2),Thriller,59.71,True,Three
The Beast (Black Dagger Brotherhood #14),Fantasy,46.08,True,Five
Some Women,Womens Fiction,13.73,True,Five
Shopaholic Ties the Knot (Shopaholic #3),Womens Fiction,48.39,True,Five
Paper and Fire (The Great Library #2),Fantasy,49.45,True,Five
Outlander (Outlander #1),Default,19.67,True,Five
"Orchestra of Exiles: The Story of Bronislaw Huberman, the Israel Philharmonic, and the One Thousand Jews He Saved from Nazi Horrors",Music,12.36,True,Three
No One Here Gets Out Alive,Music,20.02,True,Five
Night Shift (Night Shift #1-20),Horror,12.75,True,Four
Needful Things,Horror,47.51,True,Four
Mockingjay (The Hunger Games #3),Default,20.44,True,Four
Misery,Horror,34.79,True,Two
Little Women (Little Women #1),Classics,28.07,True,Four
It,Horror,25.01,True,Three
Harry Potter and the Sorcerer's Stone (Harry Potter #1),Default,13.9,True,Three
Harry Potter and the Prisoner of Azkaban (Harry Potter #3),Young Adult,24.17,True,Four
Harry Potter and the Order of the Phoenix (Harry Potter #5),Fantasy,31.63,True,Four
Harry Potter and the Half-Blood Prince (Harry Potter #6),Fantasy,48.75,True,Five
Harry Potter and the Chamber of Secrets (Harry Potter #2),Fantasy,14.74,True,One
Gone with the Wind,Classics,32.49,True,Three
God Is Not Great: How Religion Poisons Everything,Nonfiction,27.8,True,One
Girl With a Pearl Earring,Historical Fiction,26.77,True,One
"Fruits Basket, Vol. 4 (Fruits Basket #4)",Sequential Art,50.44,True,Four
Far From True (Promise Falls Trilogy #2),Thriller,34.93,True,Two
Dark Lover (Black Dagger Brotherhood #1),Romance,12.87,True,One
Confessions of a Shopaholic (Shopaholic #1),Default,48.94,True,Two
Changing the Game (Play by Play #2),Romance,13.38,True,Three
Candide,Classics,58.63,True,Three
Can You Keep a Secret?,Womens Fiction,21.94,True,One
Atlas Shrugged,Fiction,26.58,True,Five
Animal Farm,Classics,57.22,True,Three
A Walk to Remember,Romance,56.43,True,One
A New Earth: Awakening to Your Life's Purpose,Spirituality,55.65,True,Five
"A History of God: The 4,000-Year Quest of Judaism, Christianity, and Islam",Religion,27.62,True,One
'Salem's Lot,Horror,49.56,True,Four
Zero History (Blue Ant #3),Default,34.77,True,One
Wuthering Heights,Classics,17.73,True,Three
World War Z: An Oral History of the Zombie War,Default,21.8,True,One
Wild: From Lost to Found on the Pacific Crest Trail,Default,46.02,True,Three
"Where'd You Go, Bernadette",Default,18.13,True,One
When You Are Engulfed in Flames,Humor,30.89,True,Five
We the People: The Modern-Day Figures Who Have Reshaped and Affirmed the Founding Fathers' Vision of America,Nonfiction,31.95,True,Three
We Are All Completely Beside Ourselves,Contemporary,24.04,True,One
Walk the Edge (Thunder Road #2),Young Adult,32.36,True,Three
Voyager (Outlander #3),Historical Fiction,21.07,True,Five
Very Good Lives: The Fringe Benefits of Failure and the Importance of Imagination,Nonfiction,50.66,True,Three
Vegan Vegetarian Omnivore: Dinner for Everyone at the Table,Food and Drink,13.66,True,Two
"Unstuffed: Decluttering Your Home, Mind, and Soul",Nonfiction,58.09,True,One
Under the Banner of Heaven: A Story of Violent Faith,Nonfiction,30.0,True,One
Two Boys Kissing,Young Adult,32.74,True,Two
Twilight (Twilight #1),Default,41.93,True,Two
Twenties Girl,Womens Fiction,42.8,True,Two
"Trespassing Across America: One Man's Epic, Never-Done-Before (and Sort of Illegal) Hike Across the Heartland",Nonfiction,53.51,True,One
Three-Martini Lunch,Fiction,23.21,True,Three
"Thinking, Fast and Slow",Psychology,21.14,True,One
The Wild Robot,Childrens,56.07,True,Three
"The Wicked + The Divine, Vol. 3: Commercial Suicide (The Wicked + The Divine)",Sequential Art,14.41,True,Three
The Undomestic Goddess,Womens Fiction,45.75,True,Four
The Travelers,Thriller,15.77,True,One
The Tipping Point: How Little Things Can Make a Big Difference,Add a comment,10.02,True,Two
The Thing About Jellyfish,Childrens,48.77,True,One
The Stand,Horror,57.86,True,Two
The Smitten Kitchen Cookbook,Food and Drink,23.59,True,One
The Silkworm (Cormoran Strike #2),Mystery,23.05,True,Five
"The Sandman, Vol. 3: Dream Country (The Sandman (volumes) #3)",Sequential Art,55.55,True,Five
The Rose & the Dagger (The Wrath and the Dawn #2),Fantasy,58.64,True,Four
The Road to Little Dribbling: Adventures of an American in Britain (Notes From a Small Island #2),Travel,23.21,True,One
The Rise of Theodore Roosevelt (Theodore Roosevelt #1),Biography,42.57,True,Three
The Restaurant at the End of the Universe (Hitchhiker's Guide to the Galaxy #2),Science Fiction,10.92,True,One
The Rest Is Noise: Listening to the Twentieth Century,Add a comment,34.77,True,One
The Red Tent,Historical Fiction,35.66,True,Five
The Purpose Driven Life: What on Earth Am I Here for?,Add a comment,37.19,True,Three
The Purest Hook (Second Circle Tattoos #3),Romance,12.25,True,One
The Picture of Dorian Gray,Classics,29.7,True,Two
The Paris Wife,Default,36.8,True,Three
The Obsession,Romance,45.43,True,One
The Nightingale,Fiction,26.26,True,Four
The New Guy (and Other Senior Year Distractions),Young Adult,44.92,True,Three
The Nanny Diaries (Nanny #1),Womens Fiction,52.53,True,Five
The Name of God is Mercy,Nonfiction,37.25,True,Two
The Maze Runner (The Maze Runner #1),Default,20.93,True,One
The Lover's Dictionary,Default,58.09,True,Two
The Lonely Ones,Childrens,43.59,True,Five
The Lean Startup: How Today's Entrepreneurs Use Continuous Innovation to Create Radically Successful Businesses,Business,33.92,True,Three
The Last Painting of Sara de Vos,Historical Fiction,55.55,True,Two
"The Land of 10,000 Madonnas",Young Adult,29.64,True,Four
The Infinities,Fiction,27.41,True,One
The Husband's Secret,Fiction,52.51,True,Five
The Hitchhiker's Guide to the Galaxy (Hitchhiker's Guide to the Galaxy #1),Add a comment,47.8,True,Three
The Guns of August,History,14.54,True,Two
The Guernsey Literary and Potato Peel Pie Society,Historical Fiction,49.53,True,One
The Goldfinch,Default,43.58,True,Three
The Giver (The Giver Quartet #1),Default,12.3,True,One
The Girl with All the Gifts,Horror,49.47,True,Three
The Girl Who Played with Fire (Millennium Trilogy #2),Default,22.14,True,Two
The Girl Who Kicked the Hornet's Nest (Millennium Trilogy #3),Add a comment,57.48,True,One
The Exiled,Mystery,43.45,True,Three
"The End of Faith: Religion, Terror, and the Future of Reason",Add a comment,22.13,True,Four
"The Elegant Universe: Superstrings, Hidden Dimensions, and the Quest for the Ultimate Theory",Science,13.03,True,Four
"The Disappearing Spoon: And Other True Tales of Madness, Love, and the History of the World from the Periodic Table of the Elements",Science,57.35,True,Five
The Devil Wears Prada (The Devil Wears Prada #1),Womens Fiction,44.29,True,One
The Demon-Haunted World: Science as a Candle in the Dark,Default,52.25,True,Four
The Day the Crayons Came Home (Crayons),Childrens,26.33,True,Five
The Da Vinci Code (Robert Langdon #2),Fiction,22.96,True,Two
The Cuckoo's Calling (Cormoran Strike #1),Mystery,19.21,True,One
The Complete Stories and Poems (The Works of Edgar Allan Poe [Cameo Edition]),Classics,26.78,True,Four
The Complete Poems,Add a comment,41.32,True,Five
The Catcher in the Rye,Add a comment,24.55,True,One
The Cat in the Hat (Beginner Books B-1),Childrens,16.26,True,Two
The Case for Christ (Cases for Christianity),Add a comment,47.84,True,One
The Book Thief,Default,53.49,True,Two
The Book of Basketball: The NBA According to The Sports Guy,Sports and Games,44.84,True,Five
The Blind Side: Evolution of a Game,Add a comment,53.71,True,Five
The Autobiography of Malcolm X,Default,23.43,True,Two
"The Art of Simple Food: Notes, Lessons, and Recipes from a Delicious Revolution",Food and Drink,34.32,True,Three
The Art of Fielding,Fiction,22.1,True,One
"Surely You're Joking, Mr. Feynman!: Adventures of a Curious Character",Science,25.83,True,Two
Stiff: The Curious Lives of Human Cadavers,Nonfiction,36.74,True,Three
Spilled Milk: Based on a True Story,Nonfiction,49.51,True,One
Something Borrowed (Darcy & Rachel #1),Womens Fiction,48.96,True,Five
Something Blue (Darcy & Rachel #2),Womens Fiction,54.62,True,One
Soldier (Talon #3),Fantasy,24.72,True,Two
Shopaholic & Baby (Shopaholic #5),Default,46.45,True,Two
Seven Days in the Art World,Add a comment,52.33,True,Two
Seven Brief Lessons on Physics,Science,30.6,True,Four
Scarlet (The Lunar Chronicles #2),Young Adult,14.57,True,Four
Sarah's Key,Add a comment,46.29,True,One
"Saga, Volume 3 (Saga (Collected Editions) #3)",Sequential Art,21.57,True,Five
Running with Scissors,Autobiography,12.91,True,Four
Rogue Lawyer (Rogue Lawyer #1),Add a comment,50.11,True,Three
"Rise of the Rocket Girls: The Women Who Propelled Us, from Missiles to the Moon to Mars",Nonfiction,41.67,True,Four
Rework,Business,44.88,True,Two
Reservations for Two,Romance,11.1,True,Three
Red: The True Story of Red Riding Hood,Childrens,28.54,True,Three
Ready Player One,Science Fiction,19.07,True,Four
Quiet: The Power of Introverts in a World That Can't Stop Talking,Default,43.55,True,One
Prodigy: The Graphic Novel (Legend: The Graphic Novel #2),Sequential Art,43.63,True,Three
Persepolis: The Story of a Childhood (Persepolis #1-2),Sequential Art,39.13,True,One
Packing for Mars: The Curious Science of Life in the Void,Default,56.68,True,Two
Outliers: The Story of Success,Nonfiction,14.16,True,One
Original Fake,Sequential Art,31.45,True,Three
Orange Is the New Black,Default,24.61,True,Two
One for the Money (Stephanie Plum #1),Default,32.87,True,Two
Notes from a Small Island (Notes From a Small Island #1),Nonfiction,40.17,True,One
Night (The Night Trilogy #1),Nonfiction,13.51,True,One
Neither Here nor There: Travels in Europe,Travel,38.95,True,Three
Naked,Humor,31.69,True,Three
Morning Star (Red Rising #3),Default,29.4,True,One
"Miracles from Heaven: A Little Girl, Her Journey to Heaven, and Her Amazing Story of Healing",Nonfiction,57.83,True,One
Midnight Riot (Peter Grant/ Rivers of London - books #1),Fantasy,55.46,True,Two
Me Talk Pretty One Day,Autobiography,57.6,True,Two
Manuscript Found in Accra,Add a comment,34.98,True,Two
Lust & Wonder,Autobiography,11.87,True,Two
Lila (Gilead #3),Fiction,12.47,True,Three
"Life, the Universe and Everything (Hitchhiker's Guide to the Galaxy #3)",Science Fiction,33.26,True,Two
Life Without a Recipe,Autobiography,59.04,True,Five
Life After Life,Default,26.13,True,Two
Letter to a Christian Nation,Nonfiction,22.2,True,One
Let's Pretend This Never Happened: A Mostly True Memoir,Nonfiction,45.11,True,One
Legend (Legend #1),Young Adult,43.69,True,Four
"Lean In: Women, Work, and the Will to Lead",Default,25.02,True,One
"Lamb: The Gospel According to Biff, Christ's Childhood Pal",Humor,55.5,True,Five
Lady Renegades (Rebel Belle #3),Young Adult,53.04,True,Five
Jurassic Park (Jurassic Park #1),Fiction,44.97,True,One
It's Never Too Late to Begin Again: Discovering Creativity and Meaning at Midlife and Beyond,Nonfiction,42.38,True,One
Is Everyone Hanging Out Without Me? (And Other Concerns),Default,20.11,True,Three
Into the Wild,Nonfiction,56.7,True,Five
Inferno (Robert Langdon #4),Fiction,41.0,True,Five
"In the Garden of Beasts: Love, Terror, and an American Family in Hitler's Berlin",Nonfiction,28.85,True,Three
If I Run (If I Run #1),Christian Fiction,49.97,True,Four
I've Got Your Number,Womens Fiction,19.69,True,One
I Am Malala: The Girl Who Stood Up for Education and Was Shot by the Taliban,Nonfiction,28.88,True,Two
Hungry Girl Clean & Hungry: Easy All-Natural Recipes for Healthy Eating in the Real World,Food and Drink,33.14,True,Three
"House of Lost Worlds: Dinosaurs, Dynasties, and the Story of Life on Earth",History,43.7,True,Two
House of Leaves,Horror,54.89,True,One
Horrible Bear!,Childrens,37.52,True,Two
Holidays on Ice,Humor,51.07,True,Two
Heir to the Sky,Fantasy,44.07,True,Four
Green Eggs and Ham (Beginner Books B-16),Childrens,10.79,True,Four
"Grayson, Vol 3: Nemesis (Grayson #3)",Sequential Art,42.72,True,One
Gratitude,Nonfiction,26.66,True,Five
Gone Girl,Default,37.6,True,Five
Golden (Heart of Dread #3),Young Adult,42.21,True,Four
Girl in the Blue Coat,Historical Fiction,46.83,True,Two
"Fruits Basket, Vol. 3 (Fruits Basket #3)",Sequential Art,45.17,True,Two
"Friday Night Lights: A Town, a Team, and a Dream",Sports and Games,51.22,True,Three
Fire Bound (Sea Haven/Sisters of the Heart #5),Add a comment,21.28,True,Four
Fifty Shades Freed (Fifty Shades #3),Adult Fiction,15.36,True,Five
Fellside,Default,38.62,True,One
Extreme Prey (Lucas Davenport #26),Mystery,25.4,True,Three
Eragon (The Inheritance Cycle #1),Fantasy,43.87,True,Three
Eclipse (Twilight #3),Default,18.74,True,One
Dune (Dune #1),Science Fiction,54.86,True,One
Dracula,Default,52.62,True,Three
Do Androids Dream of Electric Sheep? (Blade Runner #1),Science Fiction,51.48,True,One
Disrupted: My Misadventure in the Start-Up Bubble,Nonfiction,15.28,True,Five
Dead Wake: The Last Crossing of the Lusitania,Default,39.24,True,Five
"David and Goliath: Underdogs, Misfits, and the Art of Battling Giants",Default,17.81,True,One
Darkfever (Fever #1),Fantasy,56.02,True,One
Dark Places,Default,23.9,True,Five
Crazy Rich Asians (Crazy Rich Asians #1),Fiction,49.13,True,Five
Counting Thyme,Childrens,10.62,True,One
Cosmos,Add a comment,36.17,True,Two
Civilization and Its Discontents,Psychology,59.95,True,Two
Cinder (The Lunar Chronicles #1),Young Adult,26.09,True,One
Catastrophic Happiness: Finding Joy in Childhood's Messy Years,Parenting,37.35,True,Two
Career of Evil (Cormoran Strike #3),Mystery,24.72,True,Two
Breaking Dawn (Twilight #4),Default,35.28,True,Five
Brave Enough,Nonfiction,51.32,True,Five
Boy Meets Boy,Young Adult,21.12,True,Three
"Born to Run: A Hidden Tribe, Superathletes, and the Greatest Race the World Has Never Seen",Nonfiction,27.35,True,Two
Blink: The Power of Thinking Without Thinking,Nonfiction,21.74,True,Five
Black Flags: The Rise of ISIS,Nonfiction,40.87,True,One
"Black Butler, Vol. 1 (Black Butler #1)",Sequential Art,49.31,True,One
Big Little Lies,Fiction,22.11,True,One
Between Shades of Gray,Historical Fiction,20.79,True,Five
Best of My Love (Fool's Gold #20),Romance,27.41,True,Two
Beowulf,Classics,38.35,True,Two
Beautiful Creatures (Caster Chronicles #1),Default,21.55,True,Five
Awkward,Sequential Art,38.02,True,Two
Ash,Fantasy,22.06,True,Four
Are We There Yet?,Childrens,10.66,True,Three
Are We Smart Enough to Know How Smart Animals Are?,Nonfiction,56.58,True,One
Annie on My Mind,Young Adult,36.83,True,Five
And Then There Were None,Classics,35.01,True,Two
A Walk in the Woods: Rediscovering America on the Appalachian Trail,Nonfiction,30.48,True,Four
A Visit from the Goon Squad,Default,14.08,True,Five
A Storm of Swords (A Song of Ice and Fire #3),Fantasy,31.22,True,Two
A Heartbreaking Work of Staggering Genius,Autobiography,54.29,True,Five
8 Keys to Mental Health Through Exercise,Psychology,31.04,True,One
#GIRLBOSS,Add a comment,50.96,True,One
"The Suffragettes (Little Black Classics, #96)",Nonfiction,11.89,True,Two
The Sense of an Ending,Add a comment,31.38,True,Three
"The Sandman, Vol. 2: The Doll's House (The Sandman (volumes) #2)",Sequential Art,54.81,True,One
The Course of Love,Fiction,16.78,True,Three
Sugar Rush (Offensive Line #2),Sports and Games,24.42,True,One
"Saga, Volume 2 (Saga (Collected Editions) #2)",Sequential Art,11.75,True,Three
"Run, Spot, Run: The Ethics of Keeping Pets",Philosophy,20.02,True,One
New Moon (Twilight #2),Young Adult,12.86,True,Four
Life,Music,31.58,True,Five
Kindle Paperwhite User's Guide,Nonfiction,34.0,True,Three
H is for Hawk,Nonfiction,57.42,True,Five
Girl Online On Tour (Girl Online #2),Young Adult,53.47,True,One
"Fruits Basket, Vol. 2 (Fruits Basket #2)",Sequential Art,11.64,True,Five
Diary of a Minecraft Zombie Book 1: A Scare of a Dare (An Unofficial Minecraft Book),Childrens,52.88,True,Four
"Y: The Last Man, Vol. 1: Unmanned (Y: The Last Man #1)",Sequential Art,18.51,True,Four
While You Were Mine,Historical Fiction,41.32,True,Five
Where Lightning Strikes (Bleeding Stars #3),Romance,39.77,True,Three
When I'm Gone,Fiction,51.96,True,Three
Ways of Seeing,Art,39.51,True,Five
"Vampire Knight, Vol. 1 (Vampire Knight #1)",Paranormal,15.4,True,One
Vampire Girl (Vampire Girl #1),Fantasy,53.82,True,Two
Twenty Love Poems and a Song of Despair,Poetry,30.95,True,Four
Travels with Charley: In Search of America,Nonfiction,57.82,True,Five
Three Wishes (River of Time: California #1),Science Fiction,44.18,True,Two
This One Moment (Pushing Limits #1),Romance,48.71,True,One
The Zombie Room,Default,19.69,True,Five
"The Wicked + The Divine, Vol. 1: The Faust Act (The Wicked + The Divine)",Sequential Art,36.52,True,Two
The Tumor,Nonfiction,41.56,True,Five
The Story of Hong Gildong,Classics,43.19,True,Four
The Silent Wife,Fiction,12.34,True,Five
The Silent Twin (Detective Jennifer Knight #3),Fantasy,36.25,True,Three
The Selfish Gene,Science,29.45,True,One
The Secret Healer,Historical Fiction,34.56,True,Three
"The Sandman, Vol. 1: Preludes and Nocturnes (The Sandman (volumes) #1)",Sequential Art,54.12,True,Three
The Republic,Add a comment,33.78,True,Three
The Odyssey,Add a comment,29.64,True,Three
The No. 1 Ladies' Detective Agency (No. 1 Ladies' Detective Agency #1),Mystery,57.7,True,Four
The Nicomachean Ethics,Philosophy,36.34,True,One
The Name of the Wind (The Kingkiller Chronicle #1),Default,50.59,True,Three
The Mirror & the Maze (The Wrath and the Dawn #1.5),Fantasy,29.38,True,One
The Little Prince,Classics,45.42,True,Two
The Light of the Fireflies,Add a comment,54.43,True,One
The Last Girl (The Dominion Trilogy #1),Science Fiction,36.26,True,Two
The Iliad,Add a comment,16.16,True,One
The Hook Up (Game On #1),New Adult,36.29,True,Five
The Haters,Young Adult,27.89,True,Five
The Girl You Lost,Mystery,12.29,True,Five
The Girl In The Ice (DCI Erika Foster #1),Mystery,15.85,True,Three
The End of the Jesus Era (An Investigation #1),Nonfiction,14.4,True,One
The Edge of Reason (Bridget Jones #2),Womens Fiction,19.18,True,Four
The Complete Maus (Maus #1-2),Sequential Art,10.64,True,Three
The Communist Manifesto,Add a comment,14.76,True,Three
The Bhagavad Gita,Religion,57.49,True,Three
The Bette Davis Club,Fiction,30.66,True,Three
The Art of Not Breathing,Young Adult,40.83,True,Four
Taking Shots (Assassins #1),Default,18.88,True,Two
Starlark,Historical Fiction,25.83,True,Three
"Skip Beat!, Vol. 01 (Skip Beat! #1)",Sequential Art,42.12,True,Three
Sister Sable (The Mad Queen #1),Fantasy,13.33,True,Three
Shatter Me (Shatter Me #1),Default,42.4,True,One
Shameless,New Adult,58.35,True,Three
Shadow Rites (Jane Yellowrock #10),Fantasy,21.72,True,Four
Settling the Score (The Summer Games #1),Sports and Games,44.91,True,Two
Sense and Sensibility,Classics,37.46,True,One
"Saga, Volume 1 (Saga (Collected Editions) #1)",Sequential Art,28.48,True,One
"Rhythm, Chord & Malykhin",Romance,28.34,True,Two
"Rat Queens, Vol. 1: Sass & Sorcery (Rat Queens (Collected Editions) #1-5)",Sequential Art,46.96,True,Five
Paradise Lost (Paradise #1),Default,24.96,True,One
"Paper Girls, Vol. 1 (Paper Girls #1-5)",Sequential Art,21.71,True,Four
"Ouran High School Host Club, Vol. 1 (Ouran High School Host Club #1)",Sequential Art,29.87,True,Three
Origins (Alphas 0.5),Fantasy,28.99,True,One
One Second (Seven #7),Fantasy,52.94,True,Two
On the Road (Duluoz Legend),Default,32.36,True,Three
Old Records Never Die: One Man's Quest for His Vinyl and His Past,Music,55.66,True,Two
Off Sides (Off #1),New Adult,39.45,True,Five
Of Mice and Men,Classics,47.11,True,Two
Myriad (Prentor #1),Fantasy,58.75,True,Four
My Perfect Mistake (Over the Top #1),Romance,38.92,True,Two
"Ms. Marvel, Vol. 1: No Normal (Ms. Marvel (2014-2015) #1)",Sequential Art,39.39,True,Four
Meditations,Philosophy,25.89,True,Two
Matilda,Childrens,28.34,True,One
Lost Among the Living,Historical Fiction,27.7,True,Four
Lord of the Flies,Add a comment,24.89,True,Three
Listen to Me (Fusion #1),Romance,58.99,True,Three
Kitchens of the Great Midwest,Fiction,57.2,True,Five
Jane Eyre,Default,38.43,True,Five
Imperfect Harmony,Romance,34.74,True,Four
Icing (Aces Hockey #2),Sports and Games,40.44,True,Four
"Hawkeye, Vol. 1: My Life as a Weapon (Hawkeye #1)",Sequential Art,45.24,True,Three
Having the Barbarian's Baby (Ice Planet Barbarians #7.5),Science Fiction,34.96,True,Four
"Giant Days, Vol. 1 (Giant Days #1-4)",Sequential Art,56.76,True,Four
"Fruits Basket, Vol. 1 (Fruits Basket #1)",Sequential Art,40.28,True,Five
Frankenstein,Default,38.0,True,Two
Forever Rockers (The Rocker #12),Music,28.8,True,Three
Fighting Fate (Fighting #6),Romance,39.24,True,Three
Emma,Classics,32.93,True,Two
"Eat, Pray, Love",Nonfiction,51.32,True,Three
Deep Under (Walker Security #1),Romance,47.09,True,Five
Choosing Our Religion: The Spiritual Lives of America's Nones,Religion,28.42,True,Four
Charlie and the Chocolate Factory (Charlie Bucket #1),Childrens,22.85,True,Three
Charity's Cross (Charles Towne Belles #4),Romance,41.24,True,One
Bright Lines,Fiction,39.07,True,Five
Bridget Jones's Diary (Bridget Jones #1),Womens Fiction,29.82,True,One
Bounty (Colorado Mountain #7),Romance,37.26,True,Four
Blood Defense (Samantha Brinkman #1),Mystery,20.3,True,Three
"Bleach, Vol. 1: Strawberry and the Soul Reapers (Bleach #1)",Sequential Art,34.65,True,Five
Beyond Good and Evil,Philosophy,43.38,True,One
Alice in Wonderland (Alice's Adventures in Wonderland #1),Classics,55.53,True,One
"Ajin: Demi-Human, Volume 1 (Ajin: Demi-Human #1)",Sequential Art,57.06,True,Four
A Spy's Devotion (The Regency Spies of London #1),Historical Fiction,16.97,True,Five
1st to Die (Women's Murder Club #1),Mystery,53.98,True,One
"1,000 Places to See Before You Die",Travel,26.08,True,Five
